NAME,CODE,X,Y
Wujiashan,1333A,114.135918,30.62591507
Chenghuqihao,1334A,113.8393018,30.3245819
Donghugaoxin,1332A,114.384339,30.515549
Donghuliyuan,1325A,114.3535414,30.5826842
Zhuankouxinqu,1330A,114.2102259,30.4669507
Hankouhuaqiao,1327A,114.295498,30.606346
Hankoujiangtan,1331A,114.386457,30.629751
Hanyangyuelu,1326A,114.258274,30.555325
Qingshanganghua,1329A,114.396852,30.618995
Wuhanziyang,1328A,114.304945,30.533939
